file_name,path,cluster_id,sample_rate,channels,sample_width,frame_count,duration_s,trimmed_duration_s,trim_start_frame,trim_end_frame,peak_abs,rms,crest_factor,zero_crossing_rate,silence_ratio,trimmed_fraction,burst_count,spectral_centroid_hz,spectral_bandwidth_hz,spectral_flatness,dominant_freq_hz,low_band_ratio,mid_band_ratio,high_band_ratio,provisional_tags
1275.wav,/Users/markhartley/.cache/kagglehub/datasets/alecledoux/fart-recordings-dataset/versions/12/fart_dataset/1275.wav,2,44100,1,2,193514,4.388072562358277,4.254807256235828,5865,193502,0.999969482421875,0.05027100443840027,19.89157554325756,0.06802126988884467,0.876324193598396,0.030369895718139306,9,733.883754368062,1065.3362196784663,0.0055495362769264174,94.88067626953125,0.40904663637574207,0.5636375396675961,0.027315823956661846,sustained|staccato|low-heavy|tonal|peaky
1341.wav,/Users/markhartley/.cache/kagglehub/datasets/alecledoux/fart-recordings-dataset/versions/12/fart_dataset/1341.wav,2,44100,1,2,189930,4.306802721088435,4.142993197278911,3443,186149,1.0,0.07685915380716324,13.010811991359713,0.10992528787073064,0.8419838888011373,0.038035065550465985,5,1453.000820909653,4868.24355266511,0.01620068565943725,87.4786376953125,0.9064059481544289,0.01905167735557558,0.07454237448999537,sustained|staccato|low-heavy
1354.wav,/Users/markhartley/.cache/kagglehub/datasets/alecledoux/fart-recordings-dataset/versions/12/fart_dataset/1354.wav,4,44100,1,2,71658,1.6248979591836734,1.3154875283446712,3082,61095,1.0,0.07859937101602554,12.722748122196945,0.054705053239739315,0.8470373161405566,0.19041837617572355,2,692.2132473300925,1429.1221419158792,0.01023762107232707,207.52762311895611,0.3753030419883871,0.5641041171006485,0.06059284091096456,mid-length|low-heavy|tonal
1364.wav,/Users/markhartley/.cache/kagglehub/datasets/alecledoux/fart-recordings-dataset/versions/12/fart_dataset/1364.wav,0,44100,1,2,89578,2.03124716553288,1.6356235827664398,4332,76463,1.0,0.049695175141096115,20.122677848720087,0.0654632327494781,0.8615285003014133,0.1947688048404742,3,975.6266163293353,2299.542469853784,0.03344307462425975,58.54339599609375,0.2752458858790544,0.6483960387677503,0.07635807535319525,mid-length|peaky
1426.wav,/Users/markhartley/.cache/kagglehub/datasets/alecledoux/fart-recordings-dataset/versions/12/fart_dataset/1426.wav,2,44100,1,2,78826,1.787437641723356,0.9198185941043084,3651,44215,1.0,0.08241128921508789,12.134259875368139,0.04371709483032033,0.7703803313627483,0.4853982188617969,1,209.74829832359933,1129.102152955692,0.0038747504953238815,86.97367123557834,0.9199229177698404,0.07389136104324363,0.006185721186916171,mid-length|single-roll|low-heavy|tonal|long-tail
1434.wav,/Users/markhartley/.cache/kagglehub/datasets/alecledoux/fart-recordings-dataset/versions/12/fart_dataset/1434.wav,0,44100,1,2,100330,2.275056689342404,1.3600226757369616,13569,73546,1.0,0.0641438215970993,15.58996603416005,0.16829630515603664,0.9241104355626433,0.4022027309877405,3,732.0070938932062,2236.3207321943346,0.01826645267120295,183.08518265335044,0.39063030104889046,0.565580418404389,0.043789280546720516,mid-length|low-heavy|sparse
1438.wav,/Users/markhartley/.cache/kagglehub/datasets/alecledoux/fart-recordings-dataset/versions/12/fart_dataset/1438.wav,0,44100,1,2,71658,1.6248979591836734,1.5459183673469388,2948,71123,1.0,0.06529650092124939,15.314756317586548,0.1763679752152616,0.8522984174830445,0.04860587792012061,2,1013.736253390874,1770.5539417605323,0.019204618108615717,401.055908203125,0.17844208006707166,0.7563299466755151,0.06522797325741318,mid-length
1454.wav,/Users/markhartley/.cache/kagglehub/datasets/alecledoux/fart-recordings-dataset/versions/12/fart_dataset/1454.wav,4,44100,1,2,68074,1.5436281179138323,1.462063492063492,3597,68074,1.0,0.09273321181535721,10.783623045334807,0.08637785906306465,0.7644181332079796,0.052839556952727906,3,833.7414191660865,977.977234468676,0.004555534154268635,370.70893496905876,0.08431865434002433,0.900289281078854,0.01539206458112156,mid-length|tonal
1461.wav,/Users/markhartley/.cache/kagglehub/datasets/alecledoux/fart-recordings-dataset/versions/12/fart_dataset/1461.wav,0,44100,1,2,143338,3.250294784580499,2.925396825396825,10372,139382,1.0,0.07222113013267517,13.846363220333597,0.08854657206443556,0.8259638058295776,0.09995953620114695,6,1444.885362090867,3451.1622949476805,0.045731767022146284,469.6929931640625,0.14751111376361825,0.7428561299322086,0.10963275630417306,sustained|staccato
1513.wav,/Users/markhartley/.cache/kagglehub/datasets/alecledoux/fart-recordings-dataset/versions/12/fart_dataset/1513.wav,4,44100,1,2,93162,2.112517006802721,2.009591836734694,4538,93161,0.999969482421875,0.06570015847682953,15.220198940228343,0.07280943742553214,0.8753783731564372,0.04872158176080377,2,695.0296997507344,679.7521158346967,0.0017082723865128656,671.5667724609375,0.10861035799525251,0.8878210793107134,0.003568562694033915,sustained|tonal
1532.wav,/Users/markhartley/.cache/kagglehub/datasets/alecledoux/fart-recordings-dataset/versions/12/fart_dataset/1532.wav,0,44100,1,2,75242,1.7061678004535148,1.4500907029478458,4234,68183,1.0,0.0626119077205658,15.971402827445479,0.07002830903363857,0.8538847983838813,0.15008904601153616,3,1358.7848834380086,2609.6345680415216,0.0477275969549631,262.0525731442243,0.04026717223589545,0.8115880374714413,0.1481447902926634,mid-length
1538.wav,/Users/markhartley/.cache/kagglehub/datasets/alecledoux/fart-recordings-dataset/versions/12/fart_dataset/1538.wav,4,44100,1,2,68074,1.5436281179138323,1.3051927437641724,3963,61522,1.0,0.0644528716802597,15.515212494500457,0.0652387877719507,0.7871140229749978,0.154464259482328,2,769.7816398053137,1182.9391890840852,0.007467948754521029,49.03490331659688,0.187758133083993,0.7973416967848002,0.014900170131206734,mid-length|tonal
1601.wav,/Users/markhartley/.cache/kagglehub/datasets/alecledoux/fart-recordings-dataset/versions/12/fart_dataset/1601.wav,4,44100,1,2,164842,3.7379138321995464,3.603877551020408,5911,164842,1.0,0.08287706226110458,12.06606475564367,0.06600906327915992,0.7355406995789908,0.03585857973089379,12,1130.8738276574982,1233.161571679113,0.010472795724807134,960.919189453125,0.02429843064593281,0.9315105516159381,0.044191017738129106,sustained|staccato|tonal
1632.wav,/Users/markhartley/.cache/kagglehub/datasets/alecledoux/fart-recordings-dataset/versions/12/fart_dataset/1632.wav,2,44100,1,2,168426,3.8191836734693876,3.7243990929705215,4180,168426,1.0,0.08238209038972855,12.138560641873209,0.06315570728811043,0.6499471578022396,0.024818020970634014,14,766.2775736475373,938.782518875148,0.004019113916145318,57.19757080078125,0.3466194404156649,0.6233568756101753,0.03002368397415997,sustained|staccato|low-heavy|tonal
1668.wav,/Users/markhartley/.cache/kagglehub/datasets/alecledoux/fart-recordings-dataset/versions/12/fart_dataset/1668.wav,0,44100,1,2,111082,2.5188662131519273,2.4398866213151926,3483,111082,1.0,0.06952908635139465,14.382470020475703,0.09042050395657224,0.8152986082353577,0.03135521506634742,3,1270.9620731589537,2457.9212208561635,0.025433300151679047,577.3590087890625,0.06309794252111339,0.8798086758546679,0.05709338162421878,sustained
1693.wav,/Users/markhartley/.cache/kagglehub/datasets/alecledoux/fart-recordings-dataset/versions/12/fart_dataset/1693.wav,2,44100,1,2,161258,3.6566439909297053,3.5428117913832198,5020,161258,1.0,0.05524999275803566,18.099549883733843,0.060908983796052266,0.8883652283917697,0.03113023849979535,8,680.3268176790887,1621.3393037214728,0.00887343955816249,67.96417236328125,0.331270370439829,0.6491254061089421,0.019604223451229016,sustained|staccato|low-heavy|tonal|sparse|peaky
1717.wav,/Users/markhartley/.cache/kagglehub/datasets/alecledoux/fart-recordings-dataset/versions/12/fart_dataset/1717.wav,2,44100,1,2,118250,2.68140589569161,1.9963038548752834,3828,91865,1.0,0.04371087625622749,22.877601312271334,0.0674255173405272,0.9007780126849895,0.2555010570824524,8,257.98195656121925,1754.3948217835234,0.006346798621155382,62.58087158203125,0.9627538974944007,0.02571640647280663,0.011529696032792646,mid-length|staccato|low-heavy|tonal|sparse|peaky
1759.wav,/Users/markhartley/.cache/kagglehub/datasets/alecledoux/fart-recordings-dataset/versions/12/fart_dataset/1759.wav,0,44100,1,2,96746,2.193786848072562,1.9617006802721089,5253,91764,0.999969482421875,0.03888874128460884,25.713598573519196,0.1397178148741537,0.9521840696256176,0.10579248754470472,3,1737.5045279231124,3254.6293229739154,0.05392097259667634,260.41717529296875,0.18892432618464258,0.6006727685378608,0.21040290527749653,mid-length|sparse|peaky
1867.wav,/Users/markhartley/.cache/kagglehub/datasets/alecledoux/fart-recordings-dataset/versions/12/fart_dataset/1867.wav,0,44100,1,2,85994,1.9499773242630385,1.473310657596372,4650,69623,1.0,0.03723069280385971,26.859559269236318,0.16443198865023897,0.9460892620415378,0.2444472870200246,3,1355.676153886133,3669.9649217651972,0.04465280927133046,115.38639127021993,0.3226868838498301,0.5817065230693392,0.09560659308083065,mid-length|low-heavy|sparse|peaky
1911.wav,/Users/markhartley/.cache/kagglehub/datasets/alecledoux/fart-recordings-dataset/versions/12/fart_dataset/1911.wav,2,44100,1,2,143338,3.250294784580499,3.0178004535147394,5183,138268,1.0,0.0772179514169693,12.950356512310186,0.20475522719186254,0.8645160390126833,0.07153022924835006,2,1122.90802570155,4033.606308593093,0.0377600051686157,46.43096923828125,0.8717348915178067,0.052913092127901046,0.07535201635429256,sustained|low-heavy|buzzy
1980.wav,/Users/markhartley/.cache/kagglehub/datasets/alecledoux/fart-recordings-dataset/versions/12/fart_dataset/1980.wav,0,44100,1,2,89578,2.03124716553288,0.9145351473922902,7970,48301,1.0,0.06341993808746338,15.767911955714702,0.09474530292374159,0.9039384670343165,0.5497666837839648,2,1495.8007014116627,3268.737277243593,0.04903636926887416,305.0730207532667,0.009004081829288201,0.8762526329815686,0.11474328518914324,mid-length|long-tail|sparse
2061.wav,/Users/markhartley/.cache/kagglehub/datasets/alecledoux/fart-recordings-dataset/versions/12/fart_dataset/2061.wav,2,44100,1,2,308202,6.988707482993197,6.506167800453515,17584,304506,1.0,0.09282384067773819,10.773094419479548,0.17214090804377663,0.6901058396765758,0.06904562592066243,6,273.514829366386,1705.118570405731,0.005401828041420371,76.03912353515625,0.9733663397933444,0.015365200490935272,0.01126845971572002,sustained|staccato|low-heavy|tonal
211.wav,/Users/markhartley/.cache/kagglehub/datasets/alecledoux/fart-recordings-dataset/versions/12/fart_dataset/211.wav,4,44100,1,2,82410,1.8687074829931973,1.7975736961451247,2987,82260,1.0,0.08733244985342026,11.450497514708577,0.05165697921343543,0.6498604538284188,0.03806576871738865,2,898.743870295582,1310.6367411588917,0.010182454265408855,245.61309814453125,0.1910287343053143,0.7253479139609588,0.08362335173372683,mid-length|tonal
2323.wav,/Users/markhartley/.cache/kagglehub/datasets/alecledoux/fart-recordings-dataset/versions/12/fart_dataset/2323.wav,2,44100,1,2,125418,2.8439455782312923,2.7743310657596374,3070,125418,1.0,0.10234668850898743,9.77071182827949,0.02276405909884625,0.5657401648886125,0.02447814508284296,1,145.5682427185289,437.4495274931184,0.0007885956650542664,81.42242431640625,0.8467669930821748,0.15179635863712646,0.0014366482806989899,sustained|single-roll|low-heavy|tonal
2330.wav,/Users/markhartley/.cache/kagglehub/datasets/alecledoux/fart-recordings-dataset/versions/12/fart_dataset/2330.wav,2,44100,1,2,96746,2.193786848072562,1.100907029478458,3608,52158,1.0,0.06947598606348038,14.393462499205086,0.08072768618533258,0.7926115808405515,0.4981704669960515,2,210.79132735937313,1072.8390583502855,0.004148613194472298,88.10916580844491,0.883678116561154,0.10766642662202906,0.008655456816817028,mid-length|low-heavy|tonal|long-tail
2384.wav,/Users/markhartley/.cache/kagglehub/datasets/alecledoux/fart-recordings-dataset/versions/12/fart_dataset/2384.wav,2,44100,1,2,118250,2.68140589569161,2.5945351473922904,3828,118247,1.0,0.06381145119667053,15.671168438372337,0.05341271384958858,0.7917885835095138,0.03239746300211421,3,235.31583940390237,790.2137054637767,0.0029751895481570883,74.69329833984375,0.7876106914781189,0.205357690521883,0.007031617999997715,sustained|low-heavy|tonal
2517.wav,/Users/markhartley/.cache/kagglehub/datasets/alecledoux/fart-recordings-dataset/versions/12/fart_dataset/2517.wav,4,44100,1,2,85994,1.9499773242630385,1.870294784580499,3450,85930,1.0,0.08376944810152054,11.937526421185154,0.08489063063272592,0.774716840709817,0.040863316045305464,3,577.3051660499883,632.4548644726883,0.0017726795594646982,106.99310302734375,0.25689496293785824,0.737844282869273,0.005260754192868766,mid-length|tonal
2581.wav,/Users/markhartley/.cache/kagglehub/datasets/alecledoux/fart-recordings-dataset/versions/12/fart_dataset/2581.wav,0,44100,1,2,186346,4.225532879818594,4.052108843537415,7463,186161,1.0,0.07493267953395844,13.345312168462014,0.08908744532989885,0.8195077973232588,0.04104193274875767,9,1123.0145018025646,1232.3550596609698,0.012535331968075351,868.7301635742188,0.06675642771572102,0.8725708531240189,0.060672719160260034,sustained|staccato|tonal
2629.wav,/Users/markhartley/.cache/kagglehub/datasets/alecledoux/fart-recordings-dataset/versions/12/fart_dataset/2629.wav,0,44100,1,2,89578,2.03124716553288,1.719455782312925,11127,86955,1.0,0.035402778536081314,28.2463705209136,0.19644551614811837,0.9475205965750519,0.15349751054946525,5,1468.4205686894697,2823.218157807621,0.06063580340881305,403.07464599609375,0.019749240897140908,0.8592851262910397,0.12096563281181935,mid-length|staccato|sparse|peaky|buzzy
2644.wav,/Users/markhartley/.cache/kagglehub/datasets/alecledoux/fart-recordings-dataset/versions/12/fart_dataset/2644.wav,0,44100,1,2,60906,1.3810884353741497,1.1258049886621315,3509,53157,1.0,0.05454735830426216,18.332693481177493,0.0794680239717593,0.8701113190818639,0.18484221587364136,3,1114.807088357394,1153.2760995258257,0.008746098691439497,508.96914276506607,0.0164178940967957,0.861437462827568,0.1221446430756362,mid-length|tonal|peaky
2773.wav,/Users/markhartley/.cache/kagglehub/datasets/alecledoux/fart-recordings-dataset/versions/12/fart_dataset/2773.wav,4,44100,1,2,75242,1.7061678004535148,1.6191609977324264,3224,74629,1.0,0.10194011777639389,9.809680642056001,0.14812402812296488,0.7481725631960873,0.05099545466627686,5,676.6684476701691,532.4805880915624,0.0004267375591823309,282.623291015625,0.1215850302695845,0.856868291688582,0.02154667804183315,mid-length|staccato|tonal
2799.wav,/Users/markhartley/.cache/kagglehub/datasets/alecledoux/fart-recordings-dataset/versions/12/fart_dataset/2799.wav,4,44100,1,2,78826,1.787437641723356,1.7164399092970521,3131,78826,1.0,0.109454445540905,9.136220964421979,0.07803361877576911,0.6350696470707634,0.03972039682338313,5,413.45626854725805,596.7011968602005,0.0022413681121145517,195.81756591796875,0.44731566885049684,0.5403231837796256,0.012361147369877642,mid-length|staccato|low-heavy|tonal
2830.wav,/Users/markhartley/.cache/kagglehub/datasets/alecledoux/fart-recordings-dataset/versions/12/fart_dataset/2830.wav,0,44100,1,2,114666,2.600136054421769,2.3855102040816325,8840,114041,1.0,0.06529280543327332,15.315623112901172,0.06176252561810491,0.8779324298397083,0.08254408455863116,5,713.8035128221271,1721.308275488481,0.014934336740671773,246.2860107421875,0.2714398684084161,0.7058214392149045,0.022738692376679342,sustained|staccato|tonal
3120.wav,/Users/markhartley/.cache/kagglehub/datasets/alecledoux/fart-recordings-dataset/versions/12/fart_dataset/3120.wav,0,44100,1,2,71658,1.6248979591836734,1.510204081632653,3112,69712,1.0,0.06317014247179031,15.830263489536481,0.1488758948881477,0.8580619051606241,0.07058528008038178,2,1438.365033361732,2682.157225573832,0.035026515320333615,459.59930419921875,0.1804850038889673,0.6220395190260649,0.19747547708496768,mid-length
3133.wav,/Users/markhartley/.cache/kagglehub/datasets/alecledoux/fart-recordings-dataset/versions/12/fart_dataset/3133.wav,4,44100,1,2,71658,1.6248979591836734,1.550090702947846,3299,71658,1.0,0.13597659766674042,7.354206658787418,0.027813053853775624,0.35781071199307823,0.04603812554076303,3,331.30693428221036,677.9765985829875,0.0024178170675309106,86.80572509765625,0.6115643231654219,0.37518314907660066,0.0132525277579773,mid-length|low-heavy|tonal
3208.wav,/Users/markhartley/.cache/kagglehub/datasets/alecledoux/fart-recordings-dataset/versions/12/fart_dataset/3208.wav,4,44100,1,2,157674,3.575374149659864,3.4884126984126986,3824,157663,1.0,0.0899408757686615,11.118415197247106,0.1277263703994977,0.5733158288620825,0.024322335959004016,6,1734.304219762215,2740.8097525984904,0.04527869450395527,175.63018798828125,0.19881559832737766,0.5470233226185781,0.25416107905404467,sustained|staccato
3211.wav,/Users/markhartley/.cache/kagglehub/datasets/alecledoux/fart-recordings-dataset/versions/12/fart_dataset/3211.wav,0,44100,1,2,218602,4.956961451247166,4.786825396825397,4472,215571,1.0,0.056527186185121536,17.690602831796518,0.1973687220095059,0.8385101691658814,0.0343226502959717,10,2084.0338402270563,2399.6013990810116,0.028221142637856578,1031.5750122070312,0.011906774255340927,0.6324171672460195,0.3556760584986393,sustained|staccato|high-texture|buzzy
3273.wav,/Users/markhartley/.cache/kagglehub/datasets/alecledoux/fart-recordings-dataset/versions/12/fart_dataset/3273.wav,0,44100,1,2,207850,4.713151927437642,4.604557823129252,2999,206060,1.0,0.06034164875745773,16.572301562714728,0.16034236392765902,0.7599711330286264,0.023040654318017828,9,2121.7458595929834,1971.0066109091113,0.02513649513541467,173.6114501953125,0.09546454886642335,0.3946763235586659,0.5098591275749105,sustained|staccato|high-texture
3314.wav,/Users/markhartley/.cache/kagglehub/datasets/alecledoux/fart-recordings-dataset/versions/12/fart_dataset/3314.wav,0,44100,1,2,75242,1.7061678004535148,1.3249206349206348,3453,61882,1.0,0.06910362094640732,14.47102172512119,0.25346553076115413,0.8939953749235799,0.22345232715770447,1,1739.3939134444613,4060.827498066749,0.054526030628762184,219.63579729244037,0.29900682261518136,0.5673651096106835,0.1336280677741351,mid-length|single-roll|low-heavy|sparse|buzzy
3386.wav,/Users/markhartley/.cache/kagglehub/datasets/alecledoux/fart-recordings-dataset/versions/12/fart_dataset/3386.wav,0,44100,1,2,114666,2.600136054421769,2.5092290249433105,3946,114603,1.0,0.061725448817014694,16.20077324936921,0.06588758557537173,0.8493188913889034,0.034962412572166146,1,1057.7643054464477,1384.2036371452486,0.011415014427078643,173.6114501953125,0.10578792991869912,0.7944741827434568,0.09973788733784407,sustained|single-roll|tonal
3530.wav,/Users/markhartley/.cache/kagglehub/datasets/alecledoux/fart-recordings-dataset/versions/12/fart_dataset/3530.wav,0,44100,1,2,189930,4.306802721088435,3.8226303854875283,5118,173696,1.0,0.06769999861717224,14.77104904617159,0.08973879712945364,0.8624861791186227,0.11242036539777811,11,2387.333090891531,1746.3789121340615,0.02451472404672958,294.06280517578125,0.009060100026833141,0.46316426945388806,0.5277756305192787,sustained|staccato|high-texture
3665.wav,/Users/markhartley/.cache/kagglehub/datasets/alecledoux/fart-recordings-dataset/versions/12/fart_dataset/3665.wav,0,44100,1,2,222186,5.038231292517007,3.7668934240362812,15061,181181,1.0,0.0662713348865509,15.08948026642119,0.09983572248351599,0.8173017201803894,0.25233813111537184,3,1188.9271190407205,1218.8533118543721,0.0031291387261882884,199.18212890625,0.21310421988211373,0.6322230061090034,0.15467277400888288,sustained|tonal
3695.wav,/Users/markhartley/.cache/kagglehub/datasets/alecledoux/fart-recordings-dataset/versions/12/fart_dataset/3695.wav,4,44100,1,2,17898,0.4058503401360544,0.335578231292517,3099,17898,0.999969482421875,0.09348651766777039,10.696403153827346,0.0842040565457898,0.70276008492569,0.1731478377472343,1,813.6058608280787,1001.0215152194113,0.004057862120884865,50.658828299209404,0.35031730173566017,0.5586287117293944,0.0910539865349452,micro-burst|low-heavy|tonal
3744.wav,/Users/markhartley/.cache/kagglehub/datasets/alecledoux/fart-recordings-dataset/versions/12/fart_dataset/3744.wav,0,44100,1,2,96746,2.193786848072562,2.1100226757369613,3694,96746,1.0,0.051915694028139114,19.261998105196945,0.07234482402191328,0.8255741839455895,0.038182457155851446,7,2631.839286801356,3277.14909199838,0.07145417669668144,1366.6854858398438,0.02725302716422411,0.5324530881097458,0.44029388472603,sustained|staccato|high-texture|peaky
391.wav,/Users/markhartley/.cache/kagglehub/datasets/alecledoux/fart-recordings-dataset/versions/12/fart_dataset/391.wav,0,44100,1,2,118250,2.68140589569161,2.6021315192743764,3451,118205,1.0,0.08546999841928482,11.700011916396237,0.11126521154512935,0.7814883720930232,0.02956448202959827,4,2358.3769305032006,3325.9534829344825,0.0667076468427914,674.2584228515625,0.025151587459850737,0.6325833109697352,0.3422651015704142,sustained|staccato|high-texture
3923.wav,/Users/markhartley/.cache/kagglehub/datasets/alecledoux/fart-recordings-dataset/versions/12/fart_dataset/3923.wav,4,44100,1,2,46570,1.0560090702947846,0.7084353741496598,5522,36764,1.0,0.09842190891504288,10.1603394104375,0.13869741673645558,0.7597165557225681,0.32913893064204425,2,1426.2479175191695,1599.2470302551392,0.01335098350237827,295.01632417898986,0.003340658514928144,0.7339746479046041,0.26268469358046787,mid-length|high-texture|tonal
4081.wav,/Users/markhartley/.cache/kagglehub/datasets/alecledoux/fart-recordings-dataset/versions/12/fart_dataset/4081.wav,1,44100,1,2,161258,3.6566439909297053,3.5742857142857143,3571,161197,1.0,0.11605406552553177,8.616673577712804,0.18005419919755422,0.6304927507472498,0.022522913591883853,3,6630.637006266153,6683.963123492082,0.19606624607351217,202.54669189453125,0.2789266419554568,0.0632109800634053,0.6578623779811381,sustained|high-texture|noisy|buzzy
4089.wav,/Users/markhartley/.cache/kagglehub/datasets/alecledoux/fart-recordings-dataset/versions/12/fart_dataset/4089.wav,4,44100,1,2,46570,1.0560090702947846,0.8774149659863946,4178,42872,1.0,0.06929939240217209,14.43014094837369,0.12031609010285813,0.8383293966072579,0.1691217522009878,1,904.6622917902278,877.1576022728404,0.005050154091156042,482.09799968987437,0.10463819412134061,0.8374955956897301,0.05786621018892932,mid-length|single-roll|tonal
4128.wav,/Users/markhartley/.cache/kagglehub/datasets/alecledoux/fart-recordings-dataset/versions/12/fart_dataset/4128.wav,0,44100,1,2,78826,1.787437641723356,1.1428344671201813,7683,58082,1.0,0.05155482515692711,19.396826523145254,0.2183824928639391,0.8978129043716541,0.3606297414558648,2,2594.7624075315916,3703.9291464764187,0.08699561614199934,308.00611123236575,0.04532582565526763,0.5521393138769735,0.402534860467759,mid-length|high-texture|noisy|sparse|peaky|buzzy
4150.wav,/Users/markhartley/.cache/kagglehub/datasets/alecledoux/fart-recordings-dataset/versions/12/fart_dataset/4150.wav,4,44100,1,2,60906,1.3810884353741497,1.2447392290249433,5908,60801,1.0,0.10171808302402496,9.83109364894154,0.12888925375584928,0.8303943782221784,0.09872590549371163,1,886.7586968241184,788.5861381409361,0.002950013548854721,776.8695462080776,0.0986006269321753,0.8850348424539773,0.01636453061384732,mid-length|single-roll|tonal
4196.wav,/Users/markhartley/.cache/kagglehub/datasets/alecledoux/fart-recordings-dataset/versions/12/fart_dataset/4196.wav,4,44100,1,2,25066,0.568390022675737,0.3135600907029478,3281,17109,1.0,0.10684684664011002,9.35919057460141,0.1040095751047277,0.7996489268331605,0.44833639192531716,1,2330.4143561523897,2656.828095500972,0.05287818041515991,398.64767139137984,0.011685403999496502,0.5964310244198319,0.3918835715806717,micro-burst|high-texture
4307.wav,/Users/markhartley/.cache/kagglehub/datasets/alecledoux/fart-recordings-dataset/versions/12/fart_dataset/4307.wav,4,44100,1,2,53738,1.2185487528344672,0.5253514739229025,10706,33874,1.0,0.08355041593313217,11.968821325800809,0.08936114781249418,0.8500130261639808,0.5688711898470356,2,1029.8658845348234,1830.1737365751492,0.019368568618976175,1058.3390883977902,0.1319317447939342,0.8387616916214737,0.029306563584591987,mid-length|long-tail
434.wav,/Users/markhartley/.cache/kagglehub/datasets/alecledoux/fart-recordings-dataset/versions/12/fart_dataset/434.wav,2,44100,1,2,344042,7.80140589569161,7.717074829931973,3701,344024,1.0,0.05141526460647583,19.44947687527895,0.11869515551925497,0.9432685544206812,0.01080972671941216,6,174.47303384613238,771.4098486913672,0.002543824368111012,49.12261962890625,0.9262102140711295,0.06887398267083719,0.004915803258033281,sustained|staccato|low-heavy|tonal|sparse|peaky
4431.wav,/Users/markhartley/.cache/kagglehub/datasets/alecledoux/fart-recordings-dataset/versions/12/fart_dataset/4431.wav,4,44100,1,2,64490,1.4623582766439909,0.9338321995464852,16113,57295,1.0,0.11675671488046646,8.564817886695279,0.1165470080168711,0.6013955652039076,0.361420375251977,2,1712.8397461432953,2133.6231027783006,0.028640732826652283,514.0109756689816,0.06968851719997655,0.673673241920836,0.2566382408791873,mid-length|high-texture
4649.wav,/Users/markhartley/.cache/kagglehub/datasets/alecledoux/fart-recordings-dataset/versions/12/fart_dataset/4649.wav,0,44100,1,2,35818,0.8121995464852608,0.53859410430839,5248,29000,1.0,0.06456274539232254,15.488808505948613,0.21182678616299522,0.8704282762856664,0.33686973030319955,1,1657.9019627274404,3385.1067339072742,0.05737152281130059,233.94240485011787,0.2112839367627109,0.6234814425240359,0.16523462071325312,mid-length|single-roll|buzzy
4659.wav,/Users/markhartley/.cache/kagglehub/datasets/alecledoux/fart-recordings-dataset/versions/12/fart_dataset/4659.wav,3,44100,1,2,32234,0.7309297052154196,0.15471655328798187,3442,10265,0.999969482421875,0.061096351593732834,16.367089954426188,0.12043557844445134,0.9073338710678166,0.7883290935037538,1,7856.606143641128,8227.537908447694,0.23578456217637198,329.63505789242265,0.04480507064806546,0.41250579188239617,0.5426891374695384,micro-burst|high-texture|noisy|long-tail|sparse
474.wav,/Users/markhartley/.cache/kagglehub/datasets/alecledoux/fart-recordings-dataset/versions/12/fart_dataset/474.wav,4,44100,1,2,103914,2.356326530612245,1.783922902494331,13229,91900,1.0,0.0836467295885086,11.95504002271692,0.09979502083473675,0.8327366861058183,0.24292203168004312,3,641.2139871101085,1421.413335143575,0.01246201921882296,209.94873046875,0.4065238710260673,0.5514762936606947,0.04199983531323792,mid-length|low-heavy|tonal
4871.wav,/Users/markhartley/.cache/kagglehub/datasets/alecledoux/fart-recordings-dataset/versions/12/fart_dataset/4871.wav,1,44100,1,2,82410,1.8687074829931973,1.796077097505669,3203,82410,1.0,0.053103141486644745,18.831277623217385,0.26173112160079604,0.8509040165028516,0.03886664239776727,4,3962.0579565250127,4623.890382327858,0.1962829288895158,1061.1831665039062,0.009731914338630193,0.47750455554787363,0.5127635301134961,mid-length|staccato|high-texture|noisy|peaky|buzzy
4919.wav,/Users/markhartley/.cache/kagglehub/datasets/alecledoux/fart-recordings-dataset/versions/12/fart_dataset/4919.wav,0,44100,1,2,35818,0.8121995464852608,0.645374149659864,3018,31479,1.0,0.06385758519172668,15.659846782454888,0.10994779015551275,0.7911106147746942,0.20539951979451676,2,2393.5000244532375,3724.597933840073,0.08629729144244572,55.78159586802994,0.4597885075952468,0.1743748086897967,0.3658366837149564,mid-length|noisy
495.wav,/Users/markhartley/.cache/kagglehub/datasets/alecledoux/fart-recordings-dataset/versions/12/fart_dataset/495.wav,4,44100,1,2,71658,1.6248979591836734,1.4196598639455782,3559,66166,1.0,0.0859687328338623,11.632136092229443,0.15443013243646816,0.8237321722626922,0.12630829774763463,3,957.1887980926356,2157.791843202188,0.0285048957251752,371.2156787579664,0.14819840060496778,0.7879096045824816,0.06389199481255077,mid-length
4986.wav,/Users/markhartley/.cache/kagglehub/datasets/alecledoux/fart-recordings-dataset/versions/12/fart_dataset/4986.wav,1,44100,1,2,32234,0.7309297052154196,0.3872562358276644,14841,31919,1.0,0.12384417653083801,8.074663080754496,0.18744764682158035,0.8120617981013837,0.4701867593224546,1,6033.126060963389,7164.286281126455,0.15336443982596143,260.8092282468673,0.021623386754814126,0.5356677758608924,0.44270883738429345,mid-length|high-texture|noisy|long-tail|buzzy
5037.wav,/Users/markhartley/.cache/kagglehub/datasets/alecledoux/fart-recordings-dataset/versions/12/fart_dataset/5037.wav,4,44100,1,2,43218,0.98,0.8881632653061224,2951,42119,1.0,0.11907393485307693,8.398143567136511,0.1743758243283893,0.6554907677356657,0.09371095376926286,2,2128.4239164790274,1998.4802269250156,0.027635288869068145,838.8097426470589,0.000199659296845991,0.6225270171612611,0.37727332354189264,mid-length|high-texture
5061.wav,/Users/markhartley/.cache/kagglehub/datasets/alecledoux/fart-recordings-dataset/versions/12/fart_dataset/5061.wav,0,44100,1,2,53738,1.2185487528344672,0.7695238095238095,3032,36968,1.0,0.05551663413643837,18.012619380749697,0.10542084597204905,0.890840745840932,0.36849157021102386,2,2267.999990329205,3465.5660026754226,0.09783594930055026,537.9950495049505,0.010283693036699557,0.7058162424826363,0.2839000644806639,mid-length|high-texture|noisy|sparse|peaky
5102.wav,/Users/markhartley/.cache/kagglehub/datasets/alecledoux/fart-recordings-dataset/versions/12/fart_dataset/5102.wav,1,44100,1,2,52920,1.2,1.1834467120181407,521,52711,1.0,0.08170581609010696,12.23903080408839,0.16578166632022526,0.836885865457294,0.013794406651549518,3,5124.829089473137,3685.8875819728964,0.19499856038696026,5015.85744395478,0.009701628070557404,0.18340964449776215,0.8068887274316804,mid-length|high-texture|noisy
5129.wav,/Users/markhartley/.cache/kagglehub/datasets/alecledoux/fart-recordings-dataset/versions/12/fart_dataset/5129.wav,1,44100,1,2,28650,0.6496598639455783,0.5506122448979592,3045,27327,1.0,0.10531075298786163,9.495706484173201,0.08516876679814304,0.7097731239092495,0.1524607329842932,1,3500.720815299495,3825.7746522248563,0.14361149406313334,196.1452928094885,0.052297496408953294,0.4741713747322632,0.4735311288587836,mid-length|high-texture|noisy
516.wav,/Users/markhartley/.cache/kagglehub/datasets/alecledoux/fart-recordings-dataset/versions/12/fart_dataset/516.wav,4,44100,1,2,82410,1.8687074829931973,1.7874829931972789,3565,82393,1.0,0.13736794888973236,7.2797185084471,0.07650863376572947,0.7186021113942482,0.04346559883509282,2,887.8664763093144,809.14520260775,0.0031239074295409054,937.3672485351562,0.0612377875856523,0.9264922526911389,0.012269959723208875,mid-length|tonal
5168.wav,/Users/markhartley/.cache/kagglehub/datasets/alecledoux/fart-recordings-dataset/versions/12/fart_dataset/5168.wav,1,44100,1,2,139754,3.1690249433106574,3.0883219954648524,3530,139725,1.0,0.1040261760354042,9.612965102741647,0.17294083132383561,0.6695836970677047,0.025466176281179753,5,5863.6705075525,6581.56907337874,0.2443994584801207,696.4645385742188,0.011705877539714866,0.4709401091985276,0.5173540132617578,sustained|staccato|high-texture|noisy
5207.wav,/Users/markhartley/.cache/kagglehub/datasets/alecledoux/fart-recordings-dataset/versions/12/fart_dataset/5207.wav,1,44100,1,2,50154,1.1372789115646258,0.8607482993197278,7464,45423,1.0,0.063071608543396,15.854994395964338,0.3412557573824098,0.824460661163616,0.24315109462854412,2,3198.024229014722,3239.403820527638,0.10207161133826267,662.2144945862641,0.010437567714415839,0.42007005982890894,0.5694923724566752,mid-length|high-texture|noisy|buzzy
521.wav,/Users/markhartley/.cache/kagglehub/datasets/alecledoux/fart-recordings-dataset/versions/12/fart_dataset/521.wav,0,44100,1,2,154090,3.4941043083900225,3.4165079365079367,3375,154043,1.0,0.04791221767663956,20.87150310488691,0.07528116867524612,0.8019209552858719,0.022207800635991926,12,1021.1030426273348,2011.1802998005835,0.029174277238130146,236.865234375,0.19091601677008285,0.7183501987955796,0.09073378443433744,sustained|staccato|peaky
5233.wav,/Users/markhartley/.cache/kagglehub/datasets/alecledoux/fart-recordings-dataset/versions/12/fart_dataset/5233.wav,0,44100,1,2,107498,2.437596371882086,2.343877551020408,4090,107455,1.0,0.06978738307952881,14.329237691294612,0.05238285719601477,0.7753911700682803,0.03844722692515212,4,2479.8901952898154,4332.04613309092,0.06841249716627638,845.17822265625,0.004341555863977945,0.7538310436192996,0.24182740051672263,sustained|staccato|high-texture
5253.wav,/Users/markhartley/.cache/kagglehub/datasets/alecledoux/fart-recordings-dataset/versions/12/fart_dataset/5253.wav,4,44100,1,2,103914,2.356326530612245,2.07,3511,94798,1.0,0.09494183212518692,10.532764932126396,0.11733854281947398,0.8079854495063226,0.12151394422310757,3,2124.519280452391,3273.7939314443884,0.05546176127046233,870.0759887695312,0.012286040461444936,0.7258839000574605,0.26183005948109456,sustained|high-texture
5287.wav,/Users/markhartley/.cache/kagglehub/datasets/alecledoux/fart-recordings-dataset/versions/12/fart_dataset/5287.wav,4,44100,1,2,57322,1.2998185941043083,0.8595464852607709,4983,42889,1.0,0.11099240928888321,9.009625130284997,0.21590691020742833,0.6796343463242734,0.33871811869788215,2,1957.9594730847668,3562.1971096614207,0.053892470515383886,608.4604020471693,0.00016122341627100925,0.789390389492107,0.21044838709162203,mid-length|high-texture|buzzy
5296.wav,/Users/markhartley/.cache/kagglehub/datasets/alecledoux/fart-recordings-dataset/versions/12/fart_dataset/5296.wav,1,44100,1,2,64490,1.4623582766439909,1.3950793650793651,2963,64486,1.0,0.08825428038835526,11.330895176977108,0.08902293414380748,0.8032563188091177,0.04600713288881997,4,3351.455389030273,4210.29531051257,0.14553863567650793,1005.6775514848106,0.017951224713680443,0.512123591338065,0.46992518394825467,mid-length|staccato|high-texture|noisy
5297.wav,/Users/markhartley/.cache/kagglehub/datasets/alecledoux/fart-recordings-dataset/versions/12/fart_dataset/5297.wav,1,44100,1,2,35818,0.8121995464852608,0.743718820861678,3020,35818,1.0,0.14995841681957245,6.668515320505043,0.14618756456431303,0.6024345301245184,0.08431514880786195,1,4039.0423779094385,5320.846090671213,0.16703929224346345,960.0402463564851,0.005697063872212305,0.5729476318074579,0.4213553043203298,mid-length|single-roll|high-texture|noisy
5315.wav,/Users/markhartley/.cache/kagglehub/datasets/alecledoux/fart-recordings-dataset/versions/12/fart_dataset/5315.wav,0,44100,1,2,32234,0.7309297052154196,0.6297052154195011,3101,30871,0.999969482421875,0.05025622621178627,19.897424812756007,0.0911798467409177,0.863343053918223,0.13848731153440463,4,1326.1444370157649,3053.3101946729075,0.028866537332232035,779.729924378826,0.14481816811844558,0.7862056932353204,0.06897613864623406,mid-length|staccato|peaky
5489.wav,/Users/markhartley/.cache/kagglehub/datasets/alecledoux/fart-recordings-dataset/versions/12/fart_dataset/5489.wav,1,44100,1,2,60906,1.3810884353741497,0.9473469387755102,3123,44901,1.0,0.11482051014900208,8.70924540138608,0.11770790575486413,0.5350868551538436,0.31405772830263023,1,2538.175244797334,3116.494824692872,0.08218524465782939,689.2934080137871,0.00019852812413385473,0.5601294261943368,0.4396720456815291,mid-length|single-roll|high-texture|noisy
5562.wav,/Users/markhartley/.cache/kagglehub/datasets/alecledoux/fart-recordings-dataset/versions/12/fart_dataset/5562.wav,0,44100,1,2,50154,1.1372789115646258,0.5364625850340136,3705,27363,1.0,0.04944777861237526,20.223355387490162,0.06839072438338684,0.90724568329545,0.528292857997368,1,2216.6091584755054,4333.599606720013,0.09440157976414991,264.69693127060617,0.06898707904073129,0.7714497652839174,0.1595631556753512,mid-length|single-roll|noisy|long-tail|sparse|peaky
5624.wav,/Users/markhartley/.cache/kagglehub/datasets/alecledoux/fart-recordings-dataset/versions/12/fart_dataset/5624.wav,4,44100,1,2,35818,0.8121995464852608,0.7385714285714285,2809,35380,0.999969482421875,0.1286618709564209,7.772073225645654,0.04813356785883798,0.7404098497961918,0.09065274443017479,1,659.9613731102354,1082.8102198236095,0.003396440172426789,272.14700193423596,0.029807710212379296,0.9554555059787011,0.01473678380891959,mid-length|single-roll|tonal
5649.wav,/Users/markhartley/.cache/kagglehub/datasets/alecledoux/fart-recordings-dataset/versions/12/fart_dataset/5649.wav,4,44100,1,2,53738,1.2185487528344672,0.844920634920635,2703,39964,1.0,0.12793897092342377,7.81622669607478,0.07970299793438412,0.6243626484052254,0.30661729130224424,3,1441.526614428376,2219.597735049617,0.02904239528966049,254.46176967875255,0.05358721307413448,0.8165510407719181,0.12986174615394752,mid-length
5709.wav,/Users/markhartley/.cache/kagglehub/datasets/alecledoux/fart-recordings-dataset/versions/12/fart_dataset/5709.wav,4,44100,1,2,46570,1.0560090702947846,0.6748299319727891,2844,32604,1.0,0.11307856440544128,8.843409051555668,0.06734093495673087,0.8018252093622503,0.3609619926991625,2,774.3558657167194,1938.498655915883,0.016530905387671067,217.83266129032256,0.3498099251351012,0.6187307683616612,0.031459306503237666,mid-length|low-heavy
5799.wav,/Users/markhartley/.cache/kagglehub/datasets/alecledoux/fart-recordings-dataset/versions/12/fart_dataset/5799.wav,0,44100,1,2,53738,1.2185487528344672,0.7720861678004535,5478,39527,1.0,0.06866294890642166,14.563895316568258,0.13660978469211157,0.874334735196695,0.36638877516840973,2,1865.499119706755,3124.94388432566,0.08660688654026648,393.7384357837234,0.14708175383161196,0.6417578511385637,0.21116039502982448,mid-length|noisy
6014.wav,/Users/markhartley/.cache/kagglehub/datasets/alecledoux/fart-recordings-dataset/versions/12/fart_dataset/6014.wav,0,44100,1,2,50154,1.1372789115646258,0.3948072562358277,3982,21393,1.0,0.046066854149103165,21.707581697750207,0.047315215440751304,0.9593252781433186,0.6528492243888823,1,923.3983295695858,2501.4294002605416,0.026706317890172117,202.63052093504103,0.2959910618219679,0.6464184105916071,0.05759052758642554,mid-length|single-roll|low-heavy|long-tail|sparse|peaky
6026.wav,/Users/markhartley/.cache/kagglehub/datasets/alecledoux/fart-recordings-dataset/versions/12/fart_dataset/6026.wav,2,44100,1,2,157674,3.575374149659864,3.4811791383219957,4138,157658,1.0,0.04434717819094658,22.54934904075021,0.03290988311251768,0.910016870251278,0.026345497672412677,3,201.55924586671617,478.26946222085854,0.001225263781607557,67.291259765625,0.7774352935427952,0.2186185199984611,0.003946186458743633,sustained|low-heavy|tonal|sparse|peaky
6152.wav,/Users/markhartley/.cache/kagglehub/datasets/alecledoux/fart-recordings-dataset/versions/12/fart_dataset/6152.wav,4,44100,1,2,21482,0.4871201814058957,0.4231065759637188,2813,21472,0.176422119140625,0.014180603437125683,12.441086863676137,0.07904659932032959,0.49897588678893956,0.13141234521925338,1,655.1716158677411,1133.852556776067,0.0099674283533556,349.79366525537273,0.11688143239510174,0.8551514382411931,0.027967129363705493,mid-length|tonal
6249.wav,/Users/markhartley/.cache/kagglehub/datasets/alecledoux/fart-recordings-dataset/versions/12/fart_dataset/6249.wav,0,44100,1,2,78826,1.787437641723356,0.47766439909297054,2969,24034,1.0,0.054288461804389954,18.420120349019292,0.2064954012052014,0.9337274503336462,0.7327658386826681,1,1257.2885294205662,1855.0844026048621,0.025121091412142135,389.394730595775,0.04232750748560087,0.8244901010365007,0.13318239147789845,mid-length|single-roll|long-tail|sparse|peaky|buzzy
6377.wav,/Users/markhartley/.cache/kagglehub/datasets/alecledoux/fart-recordings-dataset/versions/12/fart_dataset/6377.wav,4,44100,1,2,39402,0.8934693877551021,0.8119954648526078,3035,38844,1.0,0.10755441337823868,9.297619396456385,0.07961726859724373,0.8328511243084108,0.09118826455509876,1,621.2820193971687,1086.6869664141004,0.007998740229432068,374.3863274595772,0.1362114734942163,0.8337124191219933,0.03007610738379025,mid-length|single-roll|tonal
673.wav,/Users/markhartley/.cache/kagglehub/datasets/alecledoux/fart-recordings-dataset/versions/12/fart_dataset/673.wav,4,44100,1,2,89578,2.03124716553288,1.9424943310657596,3391,89055,1.0,0.11970981955528259,8.353533600793668,0.17738928519597666,0.7761392306146598,0.043693764093862386,2,544.8223890458032,1080.0960110433007,0.007265654338995783,193.798828125,0.3888405777038394,0.5705745444468956,0.04058487784926495,mid-length|low-heavy|tonal
6749.wav,/Users/markhartley/.cache/kagglehub/datasets/alecledoux/fart-recordings-dataset/versions/12/fart_dataset/6749.wav,4,44100,1,2,28650,0.6496598639455783,0.22424036281179138,2876,12765,1.0,0.107425756752491,9.30875453178329,0.18112325037523125,0.8579406631762653,0.6548342059336824,1,640.281691520206,1754.9601643079557,0.009443285140506429,330.003033673779,0.15652741972090342,0.8245106835710007,0.018961896708095942,micro-burst|tonal|long-tail|buzzy
6856.wav,/Users/markhartley/.cache/kagglehub/datasets/alecledoux/fart-recordings-dataset/versions/12/fart_dataset/6856.wav,4,44100,1,2,28650,0.6496598639455783,0.29931972789115646,2746,15946,1.0,0.10078515112400055,9.922096547433407,0.18852315962162727,0.8714485165794066,0.5392670157068062,1,652.1844425440869,1745.6214437738165,0.013898628505620982,347.45454545454544,0.28036052414995283,0.696701411142279,0.022938064707768366,micro-burst|low-heavy|tonal|long-tail|buzzy
7015.wav,/Users/markhartley/.cache/kagglehub/datasets/alecledoux/fart-recordings-dataset/versions/12/fart_dataset/7015.wav,4,44100,1,2,32234,0.7309297052154196,0.6019047619047619,2824,29368,0.999969482421875,0.11177597939968109,8.94619298164457,0.19141873235503987,0.8276354160203512,0.17652168517714217,1,632.677846388814,948.2956099423935,0.003947680644176783,259.17721518987344,0.09095221382074097,0.8863829977463747,0.02266478843288426,mid-length|tonal|buzzy
7053.wav,/Users/markhartley/.cache/kagglehub/datasets/alecledoux/fart-recordings-dataset/versions/12/fart_dataset/7053.wav,0,44100,1,2,35818,0.8121995464852608,0.09891156462585034,16087,20449,0.986572265625,0.04816845431923866,20.481709026543527,0.12256749588184382,0.9425707744709364,0.8782176559271875,1,1148.2607011912983,1615.8317364104382,0.02390601780775177,525.7221458046768,0.05577894612982966,0.854385501768305,0.08983555210186521,micro-burst|single-roll|long-tail|sparse|peaky
7095.wav,/Users/markhartley/.cache/kagglehub/datasets/alecledoux/fart-recordings-dataset/versions/12/fart_dataset/7095.wav,4,44100,1,2,21482,0.4871201814058957,0.10653061224489796,2818,7516,1.0,0.0895955041050911,11.161274329424494,0.09361761556724547,0.8796666977004003,0.781305278838097,1,934.8792838979565,2436.0636314585026,0.016881783986377023,422.41379310344826,0.14869104312956938,0.8189433507460366,0.032365606124394146,micro-burst|long-tail
7328.wav,/Users/markhartley/.cache/kagglehub/datasets/alecledoux/fart-recordings-dataset/versions/12/fart_dataset/7328.wav,4,44100,1,2,46570,1.0560090702947846,0.4751927437641723,2855,23811,0.999969482421875,0.10871375352144241,9.19818744207598,0.05600292039768945,0.755615202920335,0.5500107365256603,2,948.702827202017,731.7360278293088,0.00326236519067142,1014.3252529108607,0.018704366949830412,0.9469137612175509,0.03438187183261886,mid-length|tonal|long-tail
7451.wav,/Users/markhartley/.cache/kagglehub/datasets/alecledoux/fart-recordings-dataset/versions/12/fart_dataset/7451.wav,4,44100,1,2,28650,0.6496598639455783,0.5875510204081633,2739,28650,0.999969482421875,0.10082031041383743,9.918333699998515,0.0872630807358023,0.6843979057591623,0.09560209424083765,2,676.3011332881141,1499.6456178307456,0.012755045704879958,202.53560263980546,0.3823158784799425,0.6015608367491982,0.016123284770859225,mid-length|low-heavy|tonal
857.wav,/Users/markhartley/.cache/kagglehub/datasets/alecledoux/fart-recordings-dataset/versions/12/fart_dataset/857.wav,4,44100,1,2,71658,1.6248979591836734,0.7128798185941043,13094,44532,1.0,0.0965256616473198,10.359939346012935,0.15563029431876857,0.8289932736051802,0.5612771777052108,2,814.6714305792691,1665.2001703856347,0.012657650969890676,415.2172530059164,0.1764861840506714,0.7991223710477914,0.024391444901537274,mid-length|tonal|long-tail
958.wav,/Users/markhartley/.cache/kagglehub/datasets/alecledoux/fart-recordings-dataset/versions/12/fart_dataset/958.wav,2,44100,1,2,93162,2.112517006802721,2.000566893424036,4193,92418,0.999969482421875,0.06648721545934677,15.040026500031432,0.06424362125782247,0.772643352439836,0.05299370988171148,5,443.11008975569916,749.6560131213568,0.002689434274578202,66.61834716796875,0.45990614483045367,0.5347873770899786,0.005306478079567895,sustained|staccato|low-heavy|tonal
